<application>
  <component name="LocalDatabaseDriverManager" version="201">
    <driver id="h2.unified">
      <artifact id="H2" name="H2" use="true" version="2.1.210" />
    </driver>
    <driver id="mariadb">
      <artifact id="MariaDB Connector J" name="MariaDB Connector J" use="true" version="3.0.7" />
    </driver>
    <driver id="mysql.8">
      <artifact />
      <artifact id="MySQL ConnectorJ" name="MySQL ConnectorJ" use="true" version="8.0.25" />
    </driver>
    <driver id="postgresql">
      <artifact id="PostgreSQL" name="PostgreSQL" use="true" version="42.4.0" />
    </driver>
    <driver id="sqlite.xerial">
      <artifact id="Xerial SQLiteJDBC" name="Xerial SQLiteJDBC" use="true" version="3.38.0" />
    </driver>
  </component>
</application>