<application>
  <component name="FileTypeManager" version="18">
    <extensionMap>
      <mapping pattern="Procfile" type="AUTO_DETECTED" />
      <mapping pattern="LICENSE" type="AUTO_DETECTED" />
      <mapping pattern="users" type="AUTO_DETECTED" />
      <mapping pattern="create-database" type="AUTO_DETECTED" />
      <mapping ext="neon" type="AUTO_DETECTED" />
      <mapping ext="space.kts" type="Kotlin" />
      <mapping ext="gradle.kts" type="Kotlin" />
      <mapping ext="main.kts" type="Kotlin" />
      <mapping pattern="migrate" type="PHP" />
      <mapping pattern="set-hosts" type="PHP" />
      <mapping pattern=".env" type="TOML" />
      <removed_mapping ext="apk" approved="true" type="ARCHIVE" />
      <removed_mapping ext="config" approved="true" type="XML" />
      <removed_mapping ext="ini" approved="true" type="PLAIN_TEXT" />
      <removed_mapping ext="md" approved="true" type="XML" />
      <removed_mapping ext="permissionset" approved="true" type="XML" />
      <removed_mapping ext="profile" approved="true" type="XML" />
      <removed_mapping ext="psd" approved="true" type="Image" />
      <removed_mapping ext="rs" approved="true" type="Android RenderScript" />
      <removed_mapping pattern=".env" approved="true" type=".env file" />
    </extensionMap>
  </component>
</application>