<application>
  <component name="ProjectJdkTable">
    <jdk version="2">
      <name value="corretto-11" />
      <type value="JavaSDK" />
      <version value="java version &quot;11.0.16&quot;" />
      <homePath value="$USER_HOME$/.jdks/corretto-11.0.16" />
      <roots>
        <annotationsPath>
          <root type="composite">
            <root url="jar://$APPLICATION_HOME_DIR$/plugins/java/lib/resources/jdkAnnotations.jar!/" type="simple" />
          </root>
        </annotationsPath>
        <classPath>
          <root type="composite">
            <root url="jrt:///home/majksa/.jdks/corretto-11.0.16!/java.base" type="simple" />
            <root url="jrt:///home/majksa/.jdks/corretto-11.0.16!/java.compiler" type="simple" />
            <root url="jrt:///home/majksa/.jdks/corretto-11.0.16!/java.datatransfer" type="simple" />
            <root url="jrt:///home/majksa/.jdks/corretto-11.0.16!/java.desktop" type="simple" />
            <root url="jrt:///home/majksa/.jdks/corretto-11.0.16!/java.instrument" type="simple" />
            <root url="jrt:///home/majksa/.jdks/corretto-11.0.16!/java.logging" type="simple" />
            <root url="jrt:///home/majksa/.jdks/corretto-11.0.16!/java.management" type="simple" />
            <root url="jrt:///home/majksa/.jdks/corretto-11.0.16!/java.management.rmi" type="simple" />
            <root url="jrt:///home/majksa/.jdks/corretto-11.0.16!/java.naming" type="simple" />
            <root url="jrt:///home/majksa/.jdks/corretto-11.0.16!/java.net.http" type="simple" />
            <root url="jrt:///home/majksa/.jdks/corretto-11.0.16!/java.prefs" type="simple" />
            <root url="jrt:///home/majksa/.jdks/corretto-11.0.16!/java.rmi" type="simple" />
            <root url="jrt:///home/majksa/.jdks/corretto-11.0.16!/java.scripting" type="simple" />
            <root url="jrt:///home/majksa/.jdks/corretto-11.0.16!/java.se" type="simple" />
            <root url="jrt:///home/majksa/.jdks/corretto-11.0.16!/java.security.jgss" type="simple" />
            <root url="jrt:///home/majksa/.jdks/corretto-11.0.16!/java.security.sasl" type="simple" />
            <root url="jrt:///home/majksa/.jdks/corretto-11.0.16!/java.smartcardio" type="simple" />
            <root url="jrt:///home/majksa/.jdks/corretto-11.0.16!/java.sql" type="simple" />
            <root url="jrt:///home/majksa/.jdks/corretto-11.0.16!/java.sql.rowset" type="simple" />
            <root url="jrt:///home/majksa/.jdks/corretto-11.0.16!/java.transaction.xa" type="simple" />
            <root url="jrt:///home/majksa/.jdks/corretto-11.0.16!/java.xml" type="simple" />
            <root url="jrt:///home/majksa/.jdks/corretto-11.0.16!/java.xml.crypto" type="simple" />
            <root url="jrt:///home/majksa/.jdks/corretto-11.0.16!/jdk.accessibility" type="simple" />
            <root url="jrt:///home/majksa/.jdks/corretto-11.0.16!/jdk.aot" type="simple" />
            <root url="jrt:///home/majksa/.jdks/corretto-11.0.16!/jdk.attach" type="simple" />
            <root url="jrt:///home/majksa/.jdks/corretto-11.0.16!/jdk.charsets" type="simple" />
            <root url="jrt:///home/majksa/.jdks/corretto-11.0.16!/jdk.compiler" type="simple" />
            <root url="jrt:///home/majksa/.jdks/corretto-11.0.16!/jdk.crypto.cryptoki" type="simple" />
            <root url="jrt:///home/majksa/.jdks/corretto-11.0.16!/jdk.crypto.ec" type="simple" />
            <root url="jrt:///home/majksa/.jdks/corretto-11.0.16!/jdk.dynalink" type="simple" />
            <root url="jrt:///home/majksa/.jdks/corretto-11.0.16!/jdk.editpad" type="simple" />
            <root url="jrt:///home/majksa/.jdks/corretto-11.0.16!/jdk.hotspot.agent" type="simple" />
            <root url="jrt:///home/majksa/.jdks/corretto-11.0.16!/jdk.httpserver" type="simple" />
            <root url="jrt:///home/majksa/.jdks/corretto-11.0.16!/jdk.internal.ed" type="simple" />
            <root url="jrt:///home/majksa/.jdks/corretto-11.0.16!/jdk.internal.jvmstat" type="simple" />
            <root url="jrt:///home/majksa/.jdks/corretto-11.0.16!/jdk.internal.le" type="simple" />
            <root url="jrt:///home/majksa/.jdks/corretto-11.0.16!/jdk.internal.opt" type="simple" />
            <root url="jrt:///home/majksa/.jdks/corretto-11.0.16!/jdk.internal.vm.ci" type="simple" />
            <root url="jrt:///home/majksa/.jdks/corretto-11.0.16!/jdk.internal.vm.compiler" type="simple" />
            <root url="jrt:///home/majksa/.jdks/corretto-11.0.16!/jdk.internal.vm.compiler.management" type="simple" />
            <root url="jrt:///home/majksa/.jdks/corretto-11.0.16!/jdk.jartool" type="simple" />
            <root url="jrt:///home/majksa/.jdks/corretto-11.0.16!/jdk.javadoc" type="simple" />
            <root url="jrt:///home/majksa/.jdks/corretto-11.0.16!/jdk.jcmd" type="simple" />
            <root url="jrt:///home/majksa/.jdks/corretto-11.0.16!/jdk.jconsole" type="simple" />
            <root url="jrt:///home/majksa/.jdks/corretto-11.0.16!/jdk.jdeps" type="simple" />
            <root url="jrt:///home/majksa/.jdks/corretto-11.0.16!/jdk.jdi" type="simple" />
            <root url="jrt:///home/majksa/.jdks/corretto-11.0.16!/jdk.jdwp.agent" type="simple" />
            <root url="jrt:///home/majksa/.jdks/corretto-11.0.16!/jdk.jfr" type="simple" />
            <root url="jrt:///home/majksa/.jdks/corretto-11.0.16!/jdk.jlink" type="simple" />
            <root url="jrt:///home/majksa/.jdks/corretto-11.0.16!/jdk.jshell" type="simple" />
            <root url="jrt:///home/majksa/.jdks/corretto-11.0.16!/jdk.jsobject" type="simple" />
            <root url="jrt:///home/majksa/.jdks/corretto-11.0.16!/jdk.jstatd" type="simple" />
            <root url="jrt:///home/majksa/.jdks/corretto-11.0.16!/jdk.localedata" type="simple" />
            <root url="jrt:///home/majksa/.jdks/corretto-11.0.16!/jdk.management" type="simple" />
            <root url="jrt:///home/majksa/.jdks/corretto-11.0.16!/jdk.management.agent" type="simple" />
            <root url="jrt:///home/majksa/.jdks/corretto-11.0.16!/jdk.management.jfr" type="simple" />
            <root url="jrt:///home/majksa/.jdks/corretto-11.0.16!/jdk.naming.dns" type="simple" />
            <root url="jrt:///home/majksa/.jdks/corretto-11.0.16!/jdk.naming.ldap" type="simple" />
            <root url="jrt:///home/majksa/.jdks/corretto-11.0.16!/jdk.naming.rmi" type="simple" />
            <root url="jrt:///home/majksa/.jdks/corretto-11.0.16!/jdk.net" type="simple" />
            <root url="jrt:///home/majksa/.jdks/corretto-11.0.16!/jdk.pack" type="simple" />
            <root url="jrt:///home/majksa/.jdks/corretto-11.0.16!/jdk.rmic" type="simple" />
            <root url="jrt:///home/majksa/.jdks/corretto-11.0.16!/jdk.scripting.nashorn" type="simple" />
            <root url="jrt:///home/majksa/.jdks/corretto-11.0.16!/jdk.scripting.nashorn.shell" type="simple" />
            <root url="jrt:///home/majksa/.jdks/corretto-11.0.16!/jdk.sctp" type="simple" />
            <root url="jrt:///home/majksa/.jdks/corretto-11.0.16!/jdk.security.auth" type="simple" />
            <root url="jrt:///home/majksa/.jdks/corretto-11.0.16!/jdk.security.jgss" type="simple" />
            <root url="jrt:///home/majksa/.jdks/corretto-11.0.16!/jdk.unsupported" type="simple" />
            <root url="jrt:///home/majksa/.jdks/corretto-11.0.16!/jdk.unsupported.desktop" type="simple" />
            <root url="jrt:///home/majksa/.jdks/corretto-11.0.16!/jdk.xml.dom" type="simple" />
            <root url="jrt:///home/majksa/.jdks/corretto-11.0.16!/jdk.zipfs" type="simple" />
          </root>
        </classPath>
        <javadocPath>
          <root type="composite" />
        </javadocPath>
        <sourcePath>
          <root type="composite">
            <root url="jar://$USER_HOME$/.jdks/corretto-11.0.16/lib/src.zip!/java.se" type="simple" />
            <root url="jar://$USER_HOME$/.jdks/corretto-11.0.16/lib/src.zip!/jdk.aot" type="simple" />
            <root url="jar://$USER_HOME$/.jdks/corretto-11.0.16/lib/src.zip!/jdk.jdi" type="simple" />
            <root url="jar://$USER_HOME$/.jdks/corretto-11.0.16/lib/src.zip!/jdk.jfr" type="simple" />
            <root url="jar://$USER_HOME$/.jdks/corretto-11.0.16/lib/src.zip!/jdk.net" type="simple" />
            <root url="jar://$USER_HOME$/.jdks/corretto-11.0.16/lib/src.zip!/java.rmi" type="simple" />
            <root url="jar://$USER_HOME$/.jdks/corretto-11.0.16/lib/src.zip!/java.sql" type="simple" />
            <root url="jar://$USER_HOME$/.jdks/corretto-11.0.16/lib/src.zip!/java.xml" type="simple" />
            <root url="jar://$USER_HOME$/.jdks/corretto-11.0.16/lib/src.zip!/jdk.jcmd" type="simple" />
            <root url="jar://$USER_HOME$/.jdks/corretto-11.0.16/lib/src.zip!/jdk.pack" type="simple" />
            <root url="jar://$USER_HOME$/.jdks/corretto-11.0.16/lib/src.zip!/jdk.rmic" type="simple" />
            <root url="jar://$USER_HOME$/.jdks/corretto-11.0.16/lib/src.zip!/jdk.sctp" type="simple" />
            <root url="jar://$USER_HOME$/.jdks/corretto-11.0.16/lib/src.zip!/java.base" type="simple" />
            <root url="jar://$USER_HOME$/.jdks/corretto-11.0.16/lib/src.zip!/jdk.jdeps" type="simple" />
            <root url="jar://$USER_HOME$/.jdks/corretto-11.0.16/lib/src.zip!/jdk.jlink" type="simple" />
            <root url="jar://$USER_HOME$/.jdks/corretto-11.0.16/lib/src.zip!/jdk.zipfs" type="simple" />
            <root url="jar://$USER_HOME$/.jdks/corretto-11.0.16/lib/src.zip!/java.prefs" type="simple" />
            <root url="jar://$USER_HOME$/.jdks/corretto-11.0.16/lib/src.zip!/jdk.attach" type="simple" />
            <root url="jar://$USER_HOME$/.jdks/corretto-11.0.16/lib/src.zip!/jdk.jshell" type="simple" />
            <root url="jar://$USER_HOME$/.jdks/corretto-11.0.16/lib/src.zip!/jdk.jstatd" type="simple" />
            <root url="jar://$USER_HOME$/.jdks/corretto-11.0.16/lib/src.zip!/java.naming" type="simple" />
            <root url="jar://$USER_HOME$/.jdks/corretto-11.0.16/lib/src.zip!/jdk.editpad" type="simple" />
            <root url="jar://$USER_HOME$/.jdks/corretto-11.0.16/lib/src.zip!/jdk.jartool" type="simple" />
            <root url="jar://$USER_HOME$/.jdks/corretto-11.0.16/lib/src.zip!/jdk.javadoc" type="simple" />
            <root url="jar://$USER_HOME$/.jdks/corretto-11.0.16/lib/src.zip!/jdk.xml.dom" type="simple" />
            <root url="jar://$USER_HOME$/.jdks/corretto-11.0.16/lib/src.zip!/java.desktop" type="simple" />
            <root url="jar://$USER_HOME$/.jdks/corretto-11.0.16/lib/src.zip!/java.logging" type="simple" />
            <root url="jar://$USER_HOME$/.jdks/corretto-11.0.16/lib/src.zip!/jdk.charsets" type="simple" />
            <root url="jar://$USER_HOME$/.jdks/corretto-11.0.16/lib/src.zip!/jdk.compiler" type="simple" />
            <root url="jar://$USER_HOME$/.jdks/corretto-11.0.16/lib/src.zip!/jdk.dynalink" type="simple" />
            <root url="jar://$USER_HOME$/.jdks/corretto-11.0.16/lib/src.zip!/jdk.jconsole" type="simple" />
            <root url="jar://$USER_HOME$/.jdks/corretto-11.0.16/lib/src.zip!/jdk.jsobject" type="simple" />
            <root url="jar://$USER_HOME$/.jdks/corretto-11.0.16/lib/src.zip!/java.compiler" type="simple" />
            <root url="jar://$USER_HOME$/.jdks/corretto-11.0.16/lib/src.zip!/java.net.http" type="simple" />
            <root url="jar://$USER_HOME$/.jdks/corretto-11.0.16/lib/src.zip!/jdk.crypto.ec" type="simple" />
            <root url="jar://$USER_HOME$/.jdks/corretto-11.0.16/lib/src.zip!/java.scripting" type="simple" />
            <root url="jar://$USER_HOME$/.jdks/corretto-11.0.16/lib/src.zip!/jdk.httpserver" type="simple" />
            <root url="jar://$USER_HOME$/.jdks/corretto-11.0.16/lib/src.zip!/jdk.jdwp.agent" type="simple" />
            <root url="jar://$USER_HOME$/.jdks/corretto-11.0.16/lib/src.zip!/jdk.localedata" type="simple" />
            <root url="jar://$USER_HOME$/.jdks/corretto-11.0.16/lib/src.zip!/jdk.management" type="simple" />
            <root url="jar://$USER_HOME$/.jdks/corretto-11.0.16/lib/src.zip!/jdk.naming.dns" type="simple" />
            <root url="jar://$USER_HOME$/.jdks/corretto-11.0.16/lib/src.zip!/jdk.naming.rmi" type="simple" />
            <root url="jar://$USER_HOME$/.jdks/corretto-11.0.16/lib/src.zip!/java.instrument" type="simple" />
            <root url="jar://$USER_HOME$/.jdks/corretto-11.0.16/lib/src.zip!/java.management" type="simple" />
            <root url="jar://$USER_HOME$/.jdks/corretto-11.0.16/lib/src.zip!/java.sql.rowset" type="simple" />
            <root url="jar://$USER_HOME$/.jdks/corretto-11.0.16/lib/src.zip!/java.xml.crypto" type="simple" />
            <root url="jar://$USER_HOME$/.jdks/corretto-11.0.16/lib/src.zip!/jdk.internal.ed" type="simple" />
            <root url="jar://$USER_HOME$/.jdks/corretto-11.0.16/lib/src.zip!/jdk.internal.le" type="simple" />
            <root url="jar://$USER_HOME$/.jdks/corretto-11.0.16/lib/src.zip!/jdk.naming.ldap" type="simple" />
            <root url="jar://$USER_HOME$/.jdks/corretto-11.0.16/lib/src.zip!/jdk.unsupported" type="simple" />
            <root url="jar://$USER_HOME$/.jdks/corretto-11.0.16/lib/src.zip!/java.smartcardio" type="simple" />
            <root url="jar://$USER_HOME$/.jdks/corretto-11.0.16/lib/src.zip!/jdk.internal.opt" type="simple" />
            <root url="jar://$USER_HOME$/.jdks/corretto-11.0.16/lib/src.zip!/java.datatransfer" type="simple" />
            <root url="jar://$USER_HOME$/.jdks/corretto-11.0.16/lib/src.zip!/jdk.accessibility" type="simple" />
            <root url="jar://$USER_HOME$/.jdks/corretto-11.0.16/lib/src.zip!/jdk.hotspot.agent" type="simple" />
            <root url="jar://$USER_HOME$/.jdks/corretto-11.0.16/lib/src.zip!/jdk.security.auth" type="simple" />
            <root url="jar://$USER_HOME$/.jdks/corretto-11.0.16/lib/src.zip!/jdk.security.jgss" type="simple" />
            <root url="jar://$USER_HOME$/.jdks/corretto-11.0.16/lib/src.zip!/java.security.jgss" type="simple" />
            <root url="jar://$USER_HOME$/.jdks/corretto-11.0.16/lib/src.zip!/java.security.sasl" type="simple" />
            <root url="jar://$USER_HOME$/.jdks/corretto-11.0.16/lib/src.zip!/jdk.internal.vm.ci" type="simple" />
            <root url="jar://$USER_HOME$/.jdks/corretto-11.0.16/lib/src.zip!/jdk.management.jfr" type="simple" />
            <root url="jar://$USER_HOME$/.jdks/corretto-11.0.16/lib/src.zip!/java.management.rmi" type="simple" />
            <root url="jar://$USER_HOME$/.jdks/corretto-11.0.16/lib/src.zip!/java.transaction.xa" type="simple" />
            <root url="jar://$USER_HOME$/.jdks/corretto-11.0.16/lib/src.zip!/jdk.crypto.cryptoki" type="simple" />
            <root url="jar://$USER_HOME$/.jdks/corretto-11.0.16/lib/src.zip!/jdk.internal.jvmstat" type="simple" />
            <root url="jar://$USER_HOME$/.jdks/corretto-11.0.16/lib/src.zip!/jdk.management.agent" type="simple" />
            <root url="jar://$USER_HOME$/.jdks/corretto-11.0.16/lib/src.zip!/jdk.scripting.nashorn" type="simple" />
            <root url="jar://$USER_HOME$/.jdks/corretto-11.0.16/lib/src.zip!/jdk.unsupported.desktop" type="simple" />
            <root url="jar://$USER_HOME$/.jdks/corretto-11.0.16/lib/src.zip!/jdk.internal.vm.compiler" type="simple" />
            <root url="jar://$USER_HOME$/.jdks/corretto-11.0.16/lib/src.zip!/jdk.scripting.nashorn.shell" type="simple" />
            <root url="jar://$USER_HOME$/.jdks/corretto-11.0.16/lib/src.zip!/jdk.internal.vm.compiler.management" type="simple" />
          </root>
        </sourcePath>
      </roots>
      <additional />
    </jdk>
    <jdk version="2">
      <name value="openjdk-16" />
      <type value="JavaSDK" />
      <version value="version 16.0.2" />
      <homePath value="$USER_HOME$/.jdks/openjdk-16.0.2" />
      <roots>
        <annotationsPath>
          <root type="composite">
            <root url="jar://$APPLICATION_HOME_DIR$/plugins/java/lib/jdkAnnotations.jar!/" type="simple" />
          </root>
        </annotationsPath>
        <classPath>
          <root type="composite">
            <root url="jrt:///home/majksa/.jdks/openjdk-16.0.2!/java.base" type="simple" />
            <root url="jrt:///home/majksa/.jdks/openjdk-16.0.2!/java.compiler" type="simple" />
            <root url="jrt:///home/majksa/.jdks/openjdk-16.0.2!/java.datatransfer" type="simple" />
            <root url="jrt:///home/majksa/.jdks/openjdk-16.0.2!/java.desktop" type="simple" />
            <root url="jrt:///home/majksa/.jdks/openjdk-16.0.2!/java.instrument" type="simple" />
            <root url="jrt:///home/majksa/.jdks/openjdk-16.0.2!/java.logging" type="simple" />
            <root url="jrt:///home/majksa/.jdks/openjdk-16.0.2!/java.management" type="simple" />
            <root url="jrt:///home/majksa/.jdks/openjdk-16.0.2!/java.management.rmi" type="simple" />
            <root url="jrt:///home/majksa/.jdks/openjdk-16.0.2!/java.naming" type="simple" />
            <root url="jrt:///home/majksa/.jdks/openjdk-16.0.2!/java.net.http" type="simple" />
            <root url="jrt:///home/majksa/.jdks/openjdk-16.0.2!/java.prefs" type="simple" />
            <root url="jrt:///home/majksa/.jdks/openjdk-16.0.2!/java.rmi" type="simple" />
            <root url="jrt:///home/majksa/.jdks/openjdk-16.0.2!/java.scripting" type="simple" />
            <root url="jrt:///home/majksa/.jdks/openjdk-16.0.2!/java.se" type="simple" />
            <root url="jrt:///home/majksa/.jdks/openjdk-16.0.2!/java.security.jgss" type="simple" />
            <root url="jrt:///home/majksa/.jdks/openjdk-16.0.2!/java.security.sasl" type="simple" />
            <root url="jrt:///home/majksa/.jdks/openjdk-16.0.2!/java.smartcardio" type="simple" />
            <root url="jrt:///home/majksa/.jdks/openjdk-16.0.2!/java.sql" type="simple" />
            <root url="jrt:///home/majksa/.jdks/openjdk-16.0.2!/java.sql.rowset" type="simple" />
            <root url="jrt:///home/majksa/.jdks/openjdk-16.0.2!/java.transaction.xa" type="simple" />
            <root url="jrt:///home/majksa/.jdks/openjdk-16.0.2!/java.xml" type="simple" />
            <root url="jrt:///home/majksa/.jdks/openjdk-16.0.2!/java.xml.crypto" type="simple" />
            <root url="jrt:///home/majksa/.jdks/openjdk-16.0.2!/jdk.accessibility" type="simple" />
            <root url="jrt:///home/majksa/.jdks/openjdk-16.0.2!/jdk.attach" type="simple" />
            <root url="jrt:///home/majksa/.jdks/openjdk-16.0.2!/jdk.charsets" type="simple" />
            <root url="jrt:///home/majksa/.jdks/openjdk-16.0.2!/jdk.compiler" type="simple" />
            <root url="jrt:///home/majksa/.jdks/openjdk-16.0.2!/jdk.crypto.cryptoki" type="simple" />
            <root url="jrt:///home/majksa/.jdks/openjdk-16.0.2!/jdk.crypto.ec" type="simple" />
            <root url="jrt:///home/majksa/.jdks/openjdk-16.0.2!/jdk.dynalink" type="simple" />
            <root url="jrt:///home/majksa/.jdks/openjdk-16.0.2!/jdk.editpad" type="simple" />
            <root url="jrt:///home/majksa/.jdks/openjdk-16.0.2!/jdk.hotspot.agent" type="simple" />
            <root url="jrt:///home/majksa/.jdks/openjdk-16.0.2!/jdk.httpserver" type="simple" />
            <root url="jrt:///home/majksa/.jdks/openjdk-16.0.2!/jdk.incubator.foreign" type="simple" />
            <root url="jrt:///home/majksa/.jdks/openjdk-16.0.2!/jdk.incubator.vector" type="simple" />
            <root url="jrt:///home/majksa/.jdks/openjdk-16.0.2!/jdk.internal.ed" type="simple" />
            <root url="jrt:///home/majksa/.jdks/openjdk-16.0.2!/jdk.internal.jvmstat" type="simple" />
            <root url="jrt:///home/majksa/.jdks/openjdk-16.0.2!/jdk.internal.le" type="simple" />
            <root url="jrt:///home/majksa/.jdks/openjdk-16.0.2!/jdk.internal.opt" type="simple" />
            <root url="jrt:///home/majksa/.jdks/openjdk-16.0.2!/jdk.internal.vm.ci" type="simple" />
            <root url="jrt:///home/majksa/.jdks/openjdk-16.0.2!/jdk.jartool" type="simple" />
            <root url="jrt:///home/majksa/.jdks/openjdk-16.0.2!/jdk.javadoc" type="simple" />
            <root url="jrt:///home/majksa/.jdks/openjdk-16.0.2!/jdk.jcmd" type="simple" />
            <root url="jrt:///home/majksa/.jdks/openjdk-16.0.2!/jdk.jconsole" type="simple" />
            <root url="jrt:///home/majksa/.jdks/openjdk-16.0.2!/jdk.jdeps" type="simple" />
            <root url="jrt:///home/majksa/.jdks/openjdk-16.0.2!/jdk.jdi" type="simple" />
            <root url="jrt:///home/majksa/.jdks/openjdk-16.0.2!/jdk.jdwp.agent" type="simple" />
            <root url="jrt:///home/majksa/.jdks/openjdk-16.0.2!/jdk.jfr" type="simple" />
            <root url="jrt:///home/majksa/.jdks/openjdk-16.0.2!/jdk.jlink" type="simple" />
            <root url="jrt:///home/majksa/.jdks/openjdk-16.0.2!/jdk.jpackage" type="simple" />
            <root url="jrt:///home/majksa/.jdks/openjdk-16.0.2!/jdk.jshell" type="simple" />
            <root url="jrt:///home/majksa/.jdks/openjdk-16.0.2!/jdk.jsobject" type="simple" />
            <root url="jrt:///home/majksa/.jdks/openjdk-16.0.2!/jdk.jstatd" type="simple" />
            <root url="jrt:///home/majksa/.jdks/openjdk-16.0.2!/jdk.localedata" type="simple" />
            <root url="jrt:///home/majksa/.jdks/openjdk-16.0.2!/jdk.management" type="simple" />
            <root url="jrt:///home/majksa/.jdks/openjdk-16.0.2!/jdk.management.agent" type="simple" />
            <root url="jrt:///home/majksa/.jdks/openjdk-16.0.2!/jdk.management.jfr" type="simple" />
            <root url="jrt:///home/majksa/.jdks/openjdk-16.0.2!/jdk.naming.dns" type="simple" />
            <root url="jrt:///home/majksa/.jdks/openjdk-16.0.2!/jdk.naming.rmi" type="simple" />
            <root url="jrt:///home/majksa/.jdks/openjdk-16.0.2!/jdk.net" type="simple" />
            <root url="jrt:///home/majksa/.jdks/openjdk-16.0.2!/jdk.nio.mapmode" type="simple" />
            <root url="jrt:///home/majksa/.jdks/openjdk-16.0.2!/jdk.sctp" type="simple" />
            <root url="jrt:///home/majksa/.jdks/openjdk-16.0.2!/jdk.security.auth" type="simple" />
            <root url="jrt:///home/majksa/.jdks/openjdk-16.0.2!/jdk.security.jgss" type="simple" />
            <root url="jrt:///home/majksa/.jdks/openjdk-16.0.2!/jdk.unsupported" type="simple" />
            <root url="jrt:///home/majksa/.jdks/openjdk-16.0.2!/jdk.unsupported.desktop" type="simple" />
            <root url="jrt:///home/majksa/.jdks/openjdk-16.0.2!/jdk.xml.dom" type="simple" />
            <root url="jrt:///home/majksa/.jdks/openjdk-16.0.2!/jdk.zipfs" type="simple" />
          </root>
        </classPath>
        <javadocPath>
          <root type="composite" />
        </javadocPath>
        <sourcePath>
          <root type="composite">
            <root url="jar://$USER_HOME$/.jdks/openjdk-16.0.2/lib/src.zip!/java.se" type="simple" />
            <root url="jar://$USER_HOME$/.jdks/openjdk-16.0.2/lib/src.zip!/jdk.jdi" type="simple" />
            <root url="jar://$USER_HOME$/.jdks/openjdk-16.0.2/lib/src.zip!/jdk.jfr" type="simple" />
            <root url="jar://$USER_HOME$/.jdks/openjdk-16.0.2/lib/src.zip!/jdk.net" type="simple" />
            <root url="jar://$USER_HOME$/.jdks/openjdk-16.0.2/lib/src.zip!/java.rmi" type="simple" />
            <root url="jar://$USER_HOME$/.jdks/openjdk-16.0.2/lib/src.zip!/java.sql" type="simple" />
            <root url="jar://$USER_HOME$/.jdks/openjdk-16.0.2/lib/src.zip!/java.xml" type="simple" />
            <root url="jar://$USER_HOME$/.jdks/openjdk-16.0.2/lib/src.zip!/jdk.jcmd" type="simple" />
            <root url="jar://$USER_HOME$/.jdks/openjdk-16.0.2/lib/src.zip!/jdk.sctp" type="simple" />
            <root url="jar://$USER_HOME$/.jdks/openjdk-16.0.2/lib/src.zip!/java.base" type="simple" />
            <root url="jar://$USER_HOME$/.jdks/openjdk-16.0.2/lib/src.zip!/jdk.jdeps" type="simple" />
            <root url="jar://$USER_HOME$/.jdks/openjdk-16.0.2/lib/src.zip!/jdk.jlink" type="simple" />
            <root url="jar://$USER_HOME$/.jdks/openjdk-16.0.2/lib/src.zip!/jdk.zipfs" type="simple" />
            <root url="jar://$USER_HOME$/.jdks/openjdk-16.0.2/lib/src.zip!/java.prefs" type="simple" />
            <root url="jar://$USER_HOME$/.jdks/openjdk-16.0.2/lib/src.zip!/jdk.attach" type="simple" />
            <root url="jar://$USER_HOME$/.jdks/openjdk-16.0.2/lib/src.zip!/jdk.jshell" type="simple" />
            <root url="jar://$USER_HOME$/.jdks/openjdk-16.0.2/lib/src.zip!/jdk.jstatd" type="simple" />
            <root url="jar://$USER_HOME$/.jdks/openjdk-16.0.2/lib/src.zip!/java.naming" type="simple" />
            <root url="jar://$USER_HOME$/.jdks/openjdk-16.0.2/lib/src.zip!/jdk.editpad" type="simple" />
            <root url="jar://$USER_HOME$/.jdks/openjdk-16.0.2/lib/src.zip!/jdk.jartool" type="simple" />
            <root url="jar://$USER_HOME$/.jdks/openjdk-16.0.2/lib/src.zip!/jdk.javadoc" type="simple" />
            <root url="jar://$USER_HOME$/.jdks/openjdk-16.0.2/lib/src.zip!/jdk.xml.dom" type="simple" />
            <root url="jar://$USER_HOME$/.jdks/openjdk-16.0.2/lib/src.zip!/java.desktop" type="simple" />
            <root url="jar://$USER_HOME$/.jdks/openjdk-16.0.2/lib/src.zip!/java.logging" type="simple" />
            <root url="jar://$USER_HOME$/.jdks/openjdk-16.0.2/lib/src.zip!/jdk.charsets" type="simple" />
            <root url="jar://$USER_HOME$/.jdks/openjdk-16.0.2/lib/src.zip!/jdk.compiler" type="simple" />
            <root url="jar://$USER_HOME$/.jdks/openjdk-16.0.2/lib/src.zip!/jdk.dynalink" type="simple" />
            <root url="jar://$USER_HOME$/.jdks/openjdk-16.0.2/lib/src.zip!/jdk.jconsole" type="simple" />
            <root url="jar://$USER_HOME$/.jdks/openjdk-16.0.2/lib/src.zip!/jdk.jpackage" type="simple" />
            <root url="jar://$USER_HOME$/.jdks/openjdk-16.0.2/lib/src.zip!/jdk.jsobject" type="simple" />
            <root url="jar://$USER_HOME$/.jdks/openjdk-16.0.2/lib/src.zip!/java.compiler" type="simple" />
            <root url="jar://$USER_HOME$/.jdks/openjdk-16.0.2/lib/src.zip!/java.net.http" type="simple" />
            <root url="jar://$USER_HOME$/.jdks/openjdk-16.0.2/lib/src.zip!/jdk.crypto.ec" type="simple" />
            <root url="jar://$USER_HOME$/.jdks/openjdk-16.0.2/lib/src.zip!/java.scripting" type="simple" />
            <root url="jar://$USER_HOME$/.jdks/openjdk-16.0.2/lib/src.zip!/jdk.httpserver" type="simple" />
            <root url="jar://$USER_HOME$/.jdks/openjdk-16.0.2/lib/src.zip!/jdk.jdwp.agent" type="simple" />
            <root url="jar://$USER_HOME$/.jdks/openjdk-16.0.2/lib/src.zip!/jdk.localedata" type="simple" />
            <root url="jar://$USER_HOME$/.jdks/openjdk-16.0.2/lib/src.zip!/jdk.management" type="simple" />
            <root url="jar://$USER_HOME$/.jdks/openjdk-16.0.2/lib/src.zip!/jdk.naming.dns" type="simple" />
            <root url="jar://$USER_HOME$/.jdks/openjdk-16.0.2/lib/src.zip!/jdk.naming.rmi" type="simple" />
            <root url="jar://$USER_HOME$/.jdks/openjdk-16.0.2/lib/src.zip!/java.instrument" type="simple" />
            <root url="jar://$USER_HOME$/.jdks/openjdk-16.0.2/lib/src.zip!/java.management" type="simple" />
            <root url="jar://$USER_HOME$/.jdks/openjdk-16.0.2/lib/src.zip!/java.sql.rowset" type="simple" />
            <root url="jar://$USER_HOME$/.jdks/openjdk-16.0.2/lib/src.zip!/java.xml.crypto" type="simple" />
            <root url="jar://$USER_HOME$/.jdks/openjdk-16.0.2/lib/src.zip!/jdk.internal.ed" type="simple" />
            <root url="jar://$USER_HOME$/.jdks/openjdk-16.0.2/lib/src.zip!/jdk.internal.le" type="simple" />
            <root url="jar://$USER_HOME$/.jdks/openjdk-16.0.2/lib/src.zip!/jdk.nio.mapmode" type="simple" />
            <root url="jar://$USER_HOME$/.jdks/openjdk-16.0.2/lib/src.zip!/jdk.unsupported" type="simple" />
            <root url="jar://$USER_HOME$/.jdks/openjdk-16.0.2/lib/src.zip!/java.smartcardio" type="simple" />
            <root url="jar://$USER_HOME$/.jdks/openjdk-16.0.2/lib/src.zip!/jdk.internal.opt" type="simple" />
            <root url="jar://$USER_HOME$/.jdks/openjdk-16.0.2/lib/src.zip!/java.datatransfer" type="simple" />
            <root url="jar://$USER_HOME$/.jdks/openjdk-16.0.2/lib/src.zip!/jdk.accessibility" type="simple" />
            <root url="jar://$USER_HOME$/.jdks/openjdk-16.0.2/lib/src.zip!/jdk.hotspot.agent" type="simple" />
            <root url="jar://$USER_HOME$/.jdks/openjdk-16.0.2/lib/src.zip!/jdk.security.auth" type="simple" />
            <root url="jar://$USER_HOME$/.jdks/openjdk-16.0.2/lib/src.zip!/jdk.security.jgss" type="simple" />
            <root url="jar://$USER_HOME$/.jdks/openjdk-16.0.2/lib/src.zip!/java.security.jgss" type="simple" />
            <root url="jar://$USER_HOME$/.jdks/openjdk-16.0.2/lib/src.zip!/java.security.sasl" type="simple" />
            <root url="jar://$USER_HOME$/.jdks/openjdk-16.0.2/lib/src.zip!/jdk.internal.vm.ci" type="simple" />
            <root url="jar://$USER_HOME$/.jdks/openjdk-16.0.2/lib/src.zip!/jdk.management.jfr" type="simple" />
            <root url="jar://$USER_HOME$/.jdks/openjdk-16.0.2/lib/src.zip!/java.management.rmi" type="simple" />
            <root url="jar://$USER_HOME$/.jdks/openjdk-16.0.2/lib/src.zip!/java.transaction.xa" type="simple" />
            <root url="jar://$USER_HOME$/.jdks/openjdk-16.0.2/lib/src.zip!/jdk.crypto.cryptoki" type="simple" />
            <root url="jar://$USER_HOME$/.jdks/openjdk-16.0.2/lib/src.zip!/jdk.incubator.vector" type="simple" />
            <root url="jar://$USER_HOME$/.jdks/openjdk-16.0.2/lib/src.zip!/jdk.internal.jvmstat" type="simple" />
            <root url="jar://$USER_HOME$/.jdks/openjdk-16.0.2/lib/src.zip!/jdk.management.agent" type="simple" />
            <root url="jar://$USER_HOME$/.jdks/openjdk-16.0.2/lib/src.zip!/jdk.incubator.foreign" type="simple" />
            <root url="jar://$USER_HOME$/.jdks/openjdk-16.0.2/lib/src.zip!/jdk.unsupported.desktop" type="simple" />
          </root>
        </sourcePath>
      </roots>
      <additional />
    </jdk>
    <jdk version="2">
      <name value="corretto-1.8" />
      <type value="JavaSDK" />
      <version value="version 1.8.0_302" />
      <homePath value="$USER_HOME$/.jdks/corretto-1.8.0_302" />
      <roots>
        <annotationsPath>
          <root type="composite">
            <root url="jar://$APPLICATION_HOME_DIR$/plugins/java/lib/jdkAnnotations.jar!/" type="simple" />
          </root>
        </annotationsPath>
        <classPath>
          <root type="composite">
            <root url="jar://$USER_HOME$/.jdks/corretto-1.8.0_302/jre/lib/charsets.jar!/" type="simple" />
            <root url="jar://$USER_HOME$/.jdks/corretto-1.8.0_302/jre/lib/ext/cldrdata.jar!/" type="simple" />
            <root url="jar://$USER_HOME$/.jdks/corretto-1.8.0_302/jre/lib/ext/dnsns.jar!/" type="simple" />
            <root url="jar://$USER_HOME$/.jdks/corretto-1.8.0_302/jre/lib/ext/jaccess.jar!/" type="simple" />
            <root url="jar://$USER_HOME$/.jdks/corretto-1.8.0_302/jre/lib/ext/jfxrt.jar!/" type="simple" />
            <root url="jar://$USER_HOME$/.jdks/corretto-1.8.0_302/jre/lib/ext/localedata.jar!/" type="simple" />
            <root url="jar://$USER_HOME$/.jdks/corretto-1.8.0_302/jre/lib/ext/nashorn.jar!/" type="simple" />
            <root url="jar://$USER_HOME$/.jdks/corretto-1.8.0_302/jre/lib/ext/sunec.jar!/" type="simple" />
            <root url="jar://$USER_HOME$/.jdks/corretto-1.8.0_302/jre/lib/ext/sunjce_provider.jar!/" type="simple" />
            <root url="jar://$USER_HOME$/.jdks/corretto-1.8.0_302/jre/lib/ext/sunpkcs11.jar!/" type="simple" />
            <root url="jar://$USER_HOME$/.jdks/corretto-1.8.0_302/jre/lib/ext/zipfs.jar!/" type="simple" />
            <root url="jar://$USER_HOME$/.jdks/corretto-1.8.0_302/jre/lib/jce.jar!/" type="simple" />
            <root url="jar://$USER_HOME$/.jdks/corretto-1.8.0_302/jre/lib/jfr.jar!/" type="simple" />
            <root url="jar://$USER_HOME$/.jdks/corretto-1.8.0_302/jre/lib/jfxswt.jar!/" type="simple" />
            <root url="jar://$USER_HOME$/.jdks/corretto-1.8.0_302/jre/lib/jsse.jar!/" type="simple" />
            <root url="jar://$USER_HOME$/.jdks/corretto-1.8.0_302/jre/lib/management-agent.jar!/" type="simple" />
            <root url="jar://$USER_HOME$/.jdks/corretto-1.8.0_302/jre/lib/resources.jar!/" type="simple" />
            <root url="jar://$USER_HOME$/.jdks/corretto-1.8.0_302/jre/lib/rt.jar!/" type="simple" />
          </root>
        </classPath>
        <javadocPath>
          <root type="composite" />
        </javadocPath>
        <sourcePath>
          <root type="composite">
            <root url="jar://$USER_HOME$/.jdks/corretto-1.8.0_302/src.zip!/" type="simple" />
            <root url="jar://$USER_HOME$/.jdks/corretto-1.8.0_302/javafx-src.zip!/" type="simple" />
          </root>
        </sourcePath>
      </roots>
      <additional />
    </jdk>
    <jdk version="2">
      <name value="adopt-openjdk-1.8" />
      <type value="JavaSDK" />
      <version value="version 1.8.0_302" />
      <homePath value="$USER_HOME$/.jdks/corretto-1.8.0_302" />
      <roots>
        <annotationsPath>
          <root type="composite">
            <root url="jar://$APPLICATION_HOME_DIR$/plugins/java/lib/jdkAnnotations.jar!/" type="simple" />
          </root>
        </annotationsPath>
        <classPath>
          <root type="composite">
            <root url="jar://$USER_HOME$/.jdks/corretto-1.8.0_302/jre/lib/charsets.jar!/" type="simple" />
            <root url="jar://$USER_HOME$/.jdks/corretto-1.8.0_302/jre/lib/ext/cldrdata.jar!/" type="simple" />
            <root url="jar://$USER_HOME$/.jdks/corretto-1.8.0_302/jre/lib/ext/dnsns.jar!/" type="simple" />
            <root url="jar://$USER_HOME$/.jdks/corretto-1.8.0_302/jre/lib/ext/jaccess.jar!/" type="simple" />
            <root url="jar://$USER_HOME$/.jdks/corretto-1.8.0_302/jre/lib/ext/jfxrt.jar!/" type="simple" />
            <root url="jar://$USER_HOME$/.jdks/corretto-1.8.0_302/jre/lib/ext/localedata.jar!/" type="simple" />
            <root url="jar://$USER_HOME$/.jdks/corretto-1.8.0_302/jre/lib/ext/nashorn.jar!/" type="simple" />
            <root url="jar://$USER_HOME$/.jdks/corretto-1.8.0_302/jre/lib/ext/sunec.jar!/" type="simple" />
            <root url="jar://$USER_HOME$/.jdks/corretto-1.8.0_302/jre/lib/ext/sunjce_provider.jar!/" type="simple" />
            <root url="jar://$USER_HOME$/.jdks/corretto-1.8.0_302/jre/lib/ext/sunpkcs11.jar!/" type="simple" />
            <root url="jar://$USER_HOME$/.jdks/corretto-1.8.0_302/jre/lib/ext/zipfs.jar!/" type="simple" />
            <root url="jar://$USER_HOME$/.jdks/corretto-1.8.0_302/jre/lib/jce.jar!/" type="simple" />
            <root url="jar://$USER_HOME$/.jdks/corretto-1.8.0_302/jre/lib/jfr.jar!/" type="simple" />
            <root url="jar://$USER_HOME$/.jdks/corretto-1.8.0_302/jre/lib/jfxswt.jar!/" type="simple" />
            <root url="jar://$USER_HOME$/.jdks/corretto-1.8.0_302/jre/lib/jsse.jar!/" type="simple" />
            <root url="jar://$USER_HOME$/.jdks/corretto-1.8.0_302/jre/lib/management-agent.jar!/" type="simple" />
            <root url="jar://$USER_HOME$/.jdks/corretto-1.8.0_302/jre/lib/resources.jar!/" type="simple" />
            <root url="jar://$USER_HOME$/.jdks/corretto-1.8.0_302/jre/lib/rt.jar!/" type="simple" />
          </root>
        </classPath>
        <javadocPath>
          <root type="composite" />
        </javadocPath>
        <sourcePath>
          <root type="composite">
            <root url="jar://$USER_HOME$/.jdks/corretto-1.8.0_302/src.zip!/" type="simple" />
            <root url="jar://$USER_HOME$/.jdks/corretto-1.8.0_302/javafx-src.zip!/" type="simple" />
          </root>
        </sourcePath>
      </roots>
      <additional />
    </jdk>
    <jdk version="2">
      <name value="Elixir at /usr/lib/elixir" />
      <type value="Elixir SDK" />
      <version value="Unknown" />
      <homePath value="/usr/lib/elixir" />
      <roots>
        <annotationsPath>
          <root type="composite" />
        </annotationsPath>
        <classPath>
          <root type="composite">
            <root url="file:///usr/lib/elixir/lib/elixir/ebin" type="simple" />
            <root url="file:///usr/lib/elixir/lib/iex/ebin" type="simple" />
            <root url="file:///usr/lib/elixir/lib/eex/ebin" type="simple" />
            <root url="file:///usr/lib/elixir/lib/mix/ebin" type="simple" />
            <root url="file:///usr/lib/elixir/lib/ex_unit/ebin" type="simple" />
            <root url="file:///usr/lib/elixir/lib/logger/ebin" type="simple" />
            <root url="file:///usr/lib/erlang/lib/snmp-5.10.1/ebin" type="simple" />
            <root url="file:///usr/lib/erlang/lib/tools-3.5.1/ebin" type="simple" />
            <root url="file:///usr/lib/erlang/lib/jinterface-1.12.1/ebin" type="simple" />
            <root url="file:///usr/lib/erlang/lib/syntax_tools-2.6/ebin" type="simple" />
            <root url="file:///usr/lib/erlang/lib/observer-2.10/ebin" type="simple" />
            <root url="file:///usr/lib/erlang/lib/ssh-4.12.4/ebin" type="simple" />
            <root url="file:///usr/lib/erlang/lib/inets-7.4.2/ebin" type="simple" />
            <root url="file:///usr/lib/erlang/lib/edoc-1.0.1/ebin" type="simple" />
            <root url="file:///usr/lib/erlang/lib/ftp-1.1/ebin" type="simple" />
            <root url="file:///usr/lib/erlang/lib/megaco-4.1/ebin" type="simple" />
            <root url="file:///usr/lib/erlang/lib/et-1.6.5/ebin" type="simple" />
            <root url="file:///usr/lib/erlang/lib/wx-2.1/ebin" type="simple" />
            <root url="file:///usr/lib/erlang/lib/erl_docgen-1.1.2/ebin" type="simple" />
            <root url="file:///usr/lib/erlang/lib/ssl-10.5.1/ebin" type="simple" />
            <root url="file:///usr/lib/erlang/lib/asn1-5.0.17/ebin" type="simple" />
            <root url="file:///usr/lib/erlang/lib/diameter-2.2.4/ebin" type="simple" />
            <root url="file:///usr/lib/erlang/lib/erts-12.1.2/ebin" type="simple" />
            <root url="file:///usr/lib/erlang/lib/kernel-8.1.2/ebin" type="simple" />
            <root url="file:///usr/lib/erlang/lib/dialyzer-4.4.2/ebin" type="simple" />
            <root url="file:///usr/lib/erlang/lib/sasl-4.1/ebin" type="simple" />
            <root url="file:///usr/lib/erlang/lib/xmerl-1.3.28/ebin" type="simple" />
            <root url="file:///usr/lib/erlang/lib/public_key-1.11.3/ebin" type="simple" />
            <root url="file:///usr/lib/erlang/lib/common_test-1.21/ebin" type="simple" />
            <root url="file:///usr/lib/erlang/lib/eunit-2.7/ebin" type="simple" />
            <root url="file:///usr/lib/erlang/lib/eldap-1.2.9/ebin" type="simple" />
            <root url="file:///usr/lib/erlang/lib/stdlib-3.16.1/ebin" type="simple" />
            <root url="file:///usr/lib/erlang/lib/mnesia-4.20/ebin" type="simple" />
            <root url="file:///usr/lib/erlang/lib/reltool-0.9/ebin" type="simple" />
            <root url="file:///usr/lib/erlang/lib/erl_interface-5.1/ebin" type="simple" />
            <root url="file:///usr/lib/erlang/lib/tftp-1.0.3/ebin" type="simple" />
            <root url="file:///usr/lib/erlang/lib/os_mon-2.7.1/ebin" type="simple" />
            <root url="file:///usr/lib/erlang/lib/parsetools-2.3.1/ebin" type="simple" />
            <root url="file:///usr/lib/erlang/lib/runtime_tools-1.17/ebin" type="simple" />
            <root url="file:///usr/lib/erlang/lib/crypto-5.0.4/ebin" type="simple" />
            <root url="file:///usr/lib/erlang/lib/compiler-8.0.3/ebin" type="simple" />
            <root url="file:///usr/lib/erlang/lib/debugger-5.2/ebin" type="simple" />
          </root>
        </classPath>
        <javadocPath>
          <root type="composite">
            <root url="https://hexdoc.pm/elixir" type="simple" />
            <root url="https://hexdoc.pm/iex" type="simple" />
            <root url="https://hexdoc.pm/eex" type="simple" />
            <root url="https://hexdoc.pm/mix" type="simple" />
            <root url="https://hexdoc.pm/ex_unit" type="simple" />
            <root url="https://hexdoc.pm/logger" type="simple" />
          </root>
        </javadocPath>
        <sourcePath>
          <root type="composite" />
        </sourcePath>
      </roots>
      <additional />
    </jdk>
    <jdk version="2">
      <name value="OCaml-4.14.0" />
      <type value="OCaml SDK" />
      <version value="4.14.0" />
      <homePath value="$USER_HOME$/.opam/4.14.0" />
      <roots>
        <annotationsPath>
          <root type="composite" />
        </annotationsPath>
        <classPath>
          <root type="composite">
            <root url="file://$USER_HOME$/.opam/4.14.0/.opam-switch/sources/xdg.3.3.1" type="simple" />
            <root url="file://$USER_HOME$/.opam/4.14.0/.opam-switch/sources/mew_vi.0.5.0" type="simple" />
            <root url="file://$USER_HOME$/.opam/4.14.0/.opam-switch/sources/lwt.5.6.1" type="simple" />
            <root url="file://$USER_HOME$/.opam/4.14.0/.opam-switch/sources/dune-build-info.3.3.1" type="simple" />
            <root url="file://$USER_HOME$/.opam/4.14.0/.opam-switch/sources/utop.2.10.0" type="simple" />
            <root url="file://$USER_HOME$/.opam/4.14.0/.opam-switch/sources/ocamlfind.1.9.5" type="simple" />
            <root url="file://$USER_HOME$/.opam/4.14.0/.opam-switch/sources/uutf.1.0.3" type="simple" />
            <root url="file://$USER_HOME$/.opam/4.14.0/.opam-switch/sources/stdune.3.3.1" type="simple" />
            <root url="file://$USER_HOME$/.opam/4.14.0/.opam-switch/sources/ocplib-endian.1.2" type="simple" />
            <root url="file://$USER_HOME$/.opam/4.14.0/.opam-switch/sources/fiber.3.3.1" type="simple" />
            <root url="file://$USER_HOME$/.opam/4.14.0/.opam-switch/sources/csexp.1.5.1" type="simple" />
            <root url="file://$USER_HOME$/.opam/4.14.0/.opam-switch/sources/lambda-term.3.3.1" type="simple" />
            <root url="file://$USER_HOME$/.opam/4.14.0/.opam-switch/sources/uuseg.14.0.0" type="simple" />
            <root url="file://$USER_HOME$/.opam/4.14.0/.opam-switch/sources/ocamlbuild.0.14.1" type="simple" />
            <root url="file://$USER_HOME$/.opam/4.14.0/.opam-switch/sources/chrome-trace.3.3.1" type="simple" />
            <root url="file://$USER_HOME$/.opam/4.14.0/.opam-switch/sources/spawn.v0.15.1" type="simple" />
            <root url="file://$USER_HOME$/.opam/4.14.0/.opam-switch/sources/cppo.1.6.9" type="simple" />
            <root url="file://$USER_HOME$/.opam/4.14.0/.opam-switch/sources/re.1.10.4" type="simple" />
            <root url="file://$USER_HOME$/.opam/4.14.0/.opam-switch/sources/dune.3.3.1" type="simple" />
            <root url="file://$USER_HOME$/.opam/4.14.0/.opam-switch/sources/pp.1.1.2" type="simple" />
            <root url="file://$USER_HOME$/.opam/4.14.0/.opam-switch/sources/zed.3.2.0" type="simple" />
            <root url="file://$USER_HOME$/.opam/4.14.0/.opam-switch/sources/dune-rpc.3.3.1" type="simple" />
            <root url="file://$USER_HOME$/.opam/4.14.0/.opam-switch/sources/dyn.3.3.1" type="simple" />
            <root url="file://$USER_HOME$/.opam/4.14.0/.opam-switch/sources/lwt_react.1.2.0" type="simple" />
            <root url="file://$USER_HOME$/.opam/4.14.0/.opam-switch/sources/topkg.1.0.5" type="simple" />
            <root url="file://$USER_HOME$/.opam/4.14.0/.opam-switch/sources/ocaml-lsp-server.1.12.4" type="simple" />
            <root url="file://$USER_HOME$/.opam/4.14.0/.opam-switch/sources/octavius.1.2.2" type="simple" />
            <root url="file://$USER_HOME$/.opam/4.14.0/.opam-switch/sources/react.1.2.2" type="simple" />
            <root url="file://$USER_HOME$/.opam/4.14.0/.opam-switch/sources/omd.1.3.2" type="simple" />
            <root url="file://$USER_HOME$/.opam/4.14.0/.opam-switch/sources/trie.1.0.0" type="simple" />
            <root url="file://$USER_HOME$/.opam/4.14.0/.opam-switch/sources/mew.0.1.0" type="simple" />
            <root url="file://$USER_HOME$/.opam/4.14.0/.opam-switch/sources/uucp.14.0.0" type="simple" />
            <root url="file://$USER_HOME$/.opam/4.14.0/.opam-switch/sources/uchar.0.0.2" type="simple" />
            <root url="file://$USER_HOME$/.opam/4.14.0/.opam-switch/sources/ocamlformat-rpc-lib.0.24.1" type="simple" />
            <root url="file://$USER_HOME$/.opam/4.14.0/.opam-switch/sources/ocaml-base-compiler.4.14.0" type="simple" />
            <root url="file://$USER_HOME$/.opam/4.14.0/.opam-switch/sources/dune-configurator.3.3.1" type="simple" />
            <root url="file://$USER_HOME$/.opam/4.14.0/.opam-switch/sources/ppx_yojson_conv_lib.v0.15.0" type="simple" />
            <root url="file://$USER_HOME$/.opam/4.14.0/.opam-switch/sources/ordering.3.3.1" type="simple" />
            <root url="file://$USER_HOME$/.opam/4.14.0/.opam-switch/sources/logs.0.7.0" type="simple" />
            <root url="file://$USER_HOME$/.opam/4.14.0/.opam-switch/sources/yojson.2.0.1" type="simple" />
            <root url="file://$USER_HOME$/.opam/4.14.0/.opam-switch/sources/result.1.5" type="simple" />
            <root url="file://$USER_HOME$/.opam/4.14.0/lib/ocamlformat-rpc-lib" type="simple" />
            <root url="file://$USER_HOME$/.opam/4.14.0/lib/ocaml" type="simple" />
            <root url="file://$USER_HOME$/.opam/4.14.0/lib/uutf" type="simple" />
            <root url="file://$USER_HOME$/.opam/4.14.0/lib/findlib.conf" type="simple" />
            <root url="file://$USER_HOME$/.opam/4.14.0/lib/mew_vi" type="simple" />
            <root url="file://$USER_HOME$/.opam/4.14.0/lib/dune-configurator" type="simple" />
            <root url="file://$USER_HOME$/.opam/4.14.0/lib/compiler-libs" type="simple" />
            <root url="file://$USER_HOME$/.opam/4.14.0/lib/seq" type="simple" />
            <root url="file://$USER_HOME$/.opam/4.14.0/lib/uucp" type="simple" />
            <root url="file://$USER_HOME$/.opam/4.14.0/lib/cppo" type="simple" />
            <root url="file://$USER_HOME$/.opam/4.14.0/lib/topkg" type="simple" />
            <root url="file://$USER_HOME$/.opam/4.14.0/lib/dune" type="simple" />
            <root url="file://$USER_HOME$/.opam/4.14.0/lib/ocamlbuild" type="simple" />
            <root url="file://$USER_HOME$/.opam/4.14.0/lib/omd" type="simple" />
            <root url="file://$USER_HOME$/.opam/4.14.0/lib/dyn" type="simple" />
            <root url="file://$USER_HOME$/.opam/4.14.0/lib/stublibs" type="simple" />
            <root url="file://$USER_HOME$/.opam/4.14.0/lib/csexp" type="simple" />
            <root url="file://$USER_HOME$/.opam/4.14.0/lib/unix" type="simple" />
            <root url="file://$USER_HOME$/.opam/4.14.0/lib/ppx_yojson_conv_lib" type="simple" />
            <root url="file://$USER_HOME$/.opam/4.14.0/lib/uuseg" type="simple" />
            <root url="file://$USER_HOME$/.opam/4.14.0/lib/spawn" type="simple" />
            <root url="file://$USER_HOME$/.opam/4.14.0/lib/result" type="simple" />
            <root url="file://$USER_HOME$/.opam/4.14.0/lib/dynlink" type="simple" />
            <root url="file://$USER_HOME$/.opam/4.14.0/lib/pp" type="simple" />
            <root url="file://$USER_HOME$/.opam/4.14.0/lib/trie" type="simple" />
            <root url="file://$USER_HOME$/.opam/4.14.0/lib/ocaml-lsp-server" type="simple" />
            <root url="file://$USER_HOME$/.opam/4.14.0/lib/fiber" type="simple" />
            <root url="file://$USER_HOME$/.opam/4.14.0/lib/bigarray" type="simple" />
            <root url="file://$USER_HOME$/.opam/4.14.0/lib/logs" type="simple" />
            <root url="file://$USER_HOME$/.opam/4.14.0/lib/lwt_react" type="simple" />
            <root url="file://$USER_HOME$/.opam/4.14.0/lib/octavius" type="simple" />
            <root url="file://$USER_HOME$/.opam/4.14.0/lib/utop" type="simple" />
            <root url="file://$USER_HOME$/.opam/4.14.0/lib/toplevel" type="simple" />
            <root url="file://$USER_HOME$/.opam/4.14.0/lib/dune-build-info" type="simple" />
            <root url="file://$USER_HOME$/.opam/4.14.0/lib/xdg" type="simple" />
            <root url="file://$USER_HOME$/.opam/4.14.0/lib/dune-rpc" type="simple" />
            <root url="file://$USER_HOME$/.opam/4.14.0/lib/ordering" type="simple" />
            <root url="file://$USER_HOME$/.opam/4.14.0/lib/react" type="simple" />
            <root url="file://$USER_HOME$/.opam/4.14.0/lib/chrome-trace" type="simple" />
            <root url="file://$USER_HOME$/.opam/4.14.0/lib/findlib" type="simple" />
            <root url="file://$USER_HOME$/.opam/4.14.0/lib/ocplib-endian" type="simple" />
            <root url="file://$USER_HOME$/.opam/4.14.0/lib/bytes" type="simple" />
            <root url="file://$USER_HOME$/.opam/4.14.0/lib/re" type="simple" />
            <root url="file://$USER_HOME$/.opam/4.14.0/lib/str" type="simple" />
            <root url="file://$USER_HOME$/.opam/4.14.0/lib/threads" type="simple" />
            <root url="file://$USER_HOME$/.opam/4.14.0/lib/lwt" type="simple" />
            <root url="file://$USER_HOME$/.opam/4.14.0/lib/stdlib" type="simple" />
            <root url="file://$USER_HOME$/.opam/4.14.0/lib/uchar" type="simple" />
            <root url="file://$USER_HOME$/.opam/4.14.0/lib/yojson" type="simple" />
            <root url="file://$USER_HOME$/.opam/4.14.0/lib/ocamldoc" type="simple" />
            <root url="file://$USER_HOME$/.opam/4.14.0/lib/stdune" type="simple" />
            <root url="file://$USER_HOME$/.opam/4.14.0/lib/lambda-term" type="simple" />
            <root url="file://$USER_HOME$/.opam/4.14.0/lib/zed" type="simple" />
            <root url="file://$USER_HOME$/.opam/4.14.0/lib/mew" type="simple" />
          </root>
        </classPath>
        <javadocPath>
          <root type="composite" />
        </javadocPath>
        <sourcePath>
          <root type="composite" />
        </sourcePath>
      </roots>
      <additional ocamlManualURL="https://ocaml.org/releases/4.14/manual/index.html" ocamlApiURL="https://ocaml.org/releases/4.14/api/index.html" />
    </jdk>
    <jdk version="2">
      <name value="Kotlin SDK" />
      <type value="KotlinSDK" />
      <homePath value="" />
      <roots>
        <annotationsPath>
          <root type="composite" />
        </annotationsPath>
        <classPath>
          <root type="composite" />
        </classPath>
        <javadocPath>
          <root type="composite" />
        </javadocPath>
        <sourcePath>
          <root type="composite" />
        </sourcePath>
      </roots>
      <additional />
    </jdk>
  </component>
</application>