<application>
  <component name="MaterialThemeConfig">
    <option name="contrastMode" value="true" />
    <option name="autoResetColorScheme" value="true" />
    <option name="isContrastMode" value="true" />
    <option name="isWizardShown" value="true" />
    <option name="pristineConfig" value="false" />
    <option name="settingsSelectedTab" value="6" />
    <option name="accentColor" value="2979ff" />
    <option name="selectedTheme" value="ONE_DARK" />
    <option name="userId" value="5cb7b29b:17e165c9d7f:-8000" />
    <option name="version" value="7.11.0" />
  </component>
</application>