<application>
  <component name="DynamicPluginEnabler">
    <trackers>
      <map>
        <entry key="1wJwKhyPgVLyBLuROGy8sVPja5U">
          <value>
            <ProjectPluginTracker />
          </value>
        </entry>
        <entry key="1wKGHr8r4RlJmRiJrwIq4nhpttn">
          <value>
            <ProjectPluginTracker />
          </value>
        </entry>
        <entry key="1xME7M1tfS4w2SulYOZ8bmPfnTp">
          <value>
            <ProjectPluginTracker />
          </value>
        </entry>
        <entry key="21jlFMG5RAjtA47vLRdhArokXdw">
          <value>
            <ProjectPluginTracker />
          </value>
        </entry>
        <entry key="22hq7ZxDdXtOm9w0Dezo49rHFl3">
          <value>
            <ProjectPluginTracker />
          </value>
        </entry>
        <entry key="22nEdMDugNvUFtR9i4utXYS4YvM">
          <value>
            <ProjectPluginTracker />
          </value>
        </entry>
        <entry key="237FDCsSeoRatfUjySme2jH8JP3">
          <value>
            <ProjectPluginTracker />
          </value>
        </entry>
        <entry key="23KZCU23BhOnQpHB12JWd3padEU">
          <value>
            <ProjectPluginTracker />
          </value>
        </entry>
        <entry key="23LI8TPic2w9NWacMZcgLgUUUdY">
          <value>
            <ProjectPluginTracker />
          </value>
        </entry>
        <entry key="23bJBvMbCbmkUehPTcWQkPL0GsW">
          <value>
            <ProjectPluginTracker />
          </value>
        </entry>
        <entry key="23bJNPtHHNuizgYvucadVXTNnEt">
          <value>
            <ProjectPluginTracker />
          </value>
        </entry>
        <entry key="28S2zOFe7uw2SEGOr2EGh0ZbJ0O">
          <value>
            <ProjectPluginTracker />
          </value>
        </entry>
        <entry key="28cmIkxw0juzJ051LY1fJkSR9xX">
          <value>
            <ProjectPluginTracker />
          </value>
        </entry>
        <entry key="28cnVnS6O1YMc4XWSdFhK8qh913">
          <value>
            <ProjectPluginTracker />
          </value>
        </entry>
        <entry key="28cnZlk2L0x9MB3oZuuhAScvOsq">
          <value>
            <ProjectPluginTracker />
          </value>
        </entry>
        <entry key="2A1ZxSUDmlC5PGWA0LUPOMUaCt8">
          <value>
            <ProjectPluginTracker />
          </value>
        </entry>
        <entry key="2CFlqkhgELuy0okhb21goD0XLKQ">
          <value>
            <ProjectPluginTracker />
          </value>
        </entry>
        <entry key="2CUCAmHBnL9C8eGuuwCNeY8wHMx">
          <value>
            <ProjectPluginTracker />
          </value>
        </entry>
        <entry key="2CnkbfOcTY7Z0xBMqGTmn4SNynG">
          <value>
            <ProjectPluginTracker />
          </value>
        </entry>
        <entry key="2D8lA4VMGmVhDreD63mO4zEBSjD">
          <value>
            <ProjectPluginTracker />
          </value>
        </entry>
        <entry key="2DH7qDwIK6n4BDgbLofBiUF38j7">
          <value>
            <ProjectPluginTracker />
          </value>
        </entry>
      </map>
    </trackers>
  </component>
  <component name="JdkInstallerHistory">
    <option name="installedItems">
      <installed-jdk>
        <option name="fullText" value="Amazon Corretto 11.0.16" />
        <option name="installDir" value="$USER_HOME$/.jdks/corretto-11.0.16" />
        <option name="javaHomeDir" value="$USER_HOME$/.jdks/corretto-11.0.16" />
        <option name="sha256" value="e31ca3acccecb366594e5beaf823050ec40a044eaeea88f0fd815eac4ec5f037" />
        <option name="url" value="https://corretto.aws/downloads/latest/amazon-corretto-11-x64-linux-jdk.tar.gz" />
        <option name="versionText" value="11.0.16" />
      </installed-jdk>
    </option>
  </component>
  <component name="ProjectPluginTrackerManager">
    <trackers>
      <map>
        <entry key="1wJwKhyPgVLyBLuROGy8sVPja5U">
          <value>
            <ProjectPluginTracker />
          </value>
        </entry>
        <entry key="1wKGHr8r4RlJmRiJrwIq4nhpttn">
          <value>
            <ProjectPluginTracker />
          </value>
        </entry>
        <entry key="1xME7M1tfS4w2SulYOZ8bmPfnTp">
          <value>
            <ProjectPluginTracker />
          </value>
        </entry>
        <entry key="1xonWlvCNh0A2tgiuqNhVJLfAyZ">
          <value>
            <ProjectPluginTracker />
          </value>
        </entry>
        <entry key="1xp3ADZiUzewLCZUBzdvCvoobv9">
          <value>
            <ProjectPluginTracker />
          </value>
        </entry>
        <entry key="1yRuJDasfDbatcsNRvyJ3TighXJ">
          <value>
            <ProjectPluginTracker />
          </value>
        </entry>
        <entry key="1zHcbyslB7kOgNgB8e59Hr4hS5Q">
          <value>
            <ProjectPluginTracker />
          </value>
        </entry>
        <entry key="1zy0QtxDweeuJ0H8th0y6RCvPnK">
          <value>
            <ProjectPluginTracker />
          </value>
        </entry>
        <entry key="20McfEYZO4UZ9vmgW9HMgFsS1Q1">
          <value>
            <ProjectPluginTracker />
          </value>
        </entry>
        <entry key="21QIjNxG5zt45vOon7t7RsJWctJ">
          <value>
            <ProjectPluginTracker />
          </value>
        </entry>
        <entry key="21jkfsck5dT2TPUwgNq3vGntBuh">
          <value>
            <ProjectPluginTracker />
          </value>
        </entry>
        <entry key="21jlFMG5RAjtA47vLRdhArokXdw">
          <value>
            <ProjectPluginTracker />
          </value>
        </entry>
        <entry key="22hpHPrtnLHNxx6JQMc72WZKLQB">
          <value>
            <ProjectPluginTracker />
          </value>
        </entry>
        <entry key="22hq7ZxDdXtOm9w0Dezo49rHFl3">
          <value>
            <ProjectPluginTracker />
          </value>
        </entry>
        <entry key="22nEdMDugNvUFtR9i4utXYS4YvM">
          <value>
            <ProjectPluginTracker />
          </value>
        </entry>
      </map>
    </trackers>
  </component>
  <component name="PropertiesComponent">
    <property name="CWM_LOGGING_VERSION" value="1" />
    <property name="CommitToolWindow.COMMIT_SPLITTER_PROPORTION" value="0.61538464" />
    <property name="DBE.Default.Dialect" value="MariaDB" />
    <property name="EndpointsSearchHistory" value="module: plejady" />
    <property name="ExpandBeforeRunStepsPanel" value="true" />
    <property name="FileTemplates.CurrentTab" value="Includes" />
    <property name="FileTemplates.SelectedTemplate" value="Version" />
    <property name="FindSplitterProportion" value="0.22317138" />
    <property name="InstalledPluginsSearchHistory" value="gitmoji&#10;toml&#10;tom&#10;t&#10;nimble" />
    <property name="JUnitSupport.hidePassedTests" value="false" />
    <property name="KEYMAP" value="genera" />
    <property name="MarketplacePluginsSearchHistory" value="gitmoji&#10;material&#10;rls&#10;r&#10;ru" />
    <property name="MemberChooser.copyJavadoc" value="false" />
    <property name="MemberChooser.showClasses" value="true" />
    <property name="PluginConfigurable.selectionTab" value="1" />
    <property name="SAVED_ANDROID_NPW_LANGUAGE" value="Kotlin" />
    <property name="SHELLCHECK.PATH" value="$APPLICATION_PLUGINS_DIR$/Shell Script/shellcheck" />
    <property name="SettingsSearchHistory" value="php&#10;annotations&#10;annota" />
    <property name="SqlStructureView.filterD.file.structure.state" value="true" />
    <property name="appcds.runOnSecondStart" value="IU-213.6777.52-6dd9757b021b12e4dac849e8e181788c1b2e90dc83f77d2a8e0ab4cefbcd50b6" />
    <property name="build.toolwindow.Build Output.selection.state" value="com.intellij.build.BuildTreeConsoleView" />
    <property name="build.toolwindow.Sync.selection.state" value="com.intellij.build.BuildTreeConsoleView" />
    <property name="build.toolwindow.run.selection.state" value="com.intellij.build.BuildTreeConsoleView" />
    <property name="bundled.plugins.list.saved.version" value="IU-213.6777.52" />
    <property name="com.intellij.openapi.roots.ui.configuration.TabbedModuleEditor.selectedEditor" value="Sources" />
    <property name="debugger.smart.chooser.counter" value="3" />
    <property name="decompiler.legal.notice.accepted" value="true" />
    <property name="defaultJdkConfigured" value="true" />
    <property name="eclipse.projects.detected" value="" />
    <property name="evlsprt3.212" value="18" />
    <property name="evlsprt3.213" value="4" />
    <property name="file.chooser.recent.files" value="$USER_HOME$/Projects/majksa/plejady&#10;/home/majksa/Projects/greenpanda&#10;/home/majksa/Projects/alej/book-intertexts/api&#10;/home/majksa/Projects/alej/book-intertexts&#10;/home/majksa/Projects/majksa/piston-examples/examples/user_input&#10;/home/majksa/Projects/majksa/bots&#10;/home/majksa/Projects/alej/maturita&#10;/home/majksa/Projects/alej&#10;/home/majksa/Projects/majksa/bots/secret-hitler&#10;/home/majksa/Projects/majksa/majava/discord-bot&#10;/home/majksa/Projects/majksa/majava/guice&#10;/home/majksa/Projects/majksa/bots/straf&#10;/home/majksa/Projects/majksa/fiks/3&#10;/home/majksa/Projects/majksa/rust_demo&#10;/home/majksa/Projects/majksa/commons&#10;/home/majksa/Projects/majksa&#10;/home/majksa/Projects/school/plejady&#10;/home/majksa/Projects/majksa/majava/global-bot&#10;/home/majksa/Projects/majksa/majava/discord&#10;/home/majksa/Projects/majksa/majava/majava" />
    <property name="file.gist.reindex.count" value="1248" />
    <property name="fileTypeChangedCounter" value="38" />
    <property name="fileTypeDetectors" value="com.android.tools.idea.profilers.capture.MemoryCaptureFileType$Detector:com.android.tools.idea.sqlite.fileType.SqliteFileTypeDetector:com.intellij.database.vfs.DbStorageFileType$Detector:com.intellij.docker.dockerFile.DockerFileTypeDetector:com.intellij.ide.scratch.ScratchFileServiceImpl$Detector:com.intellij.javascript.debugger.sourcemap.SourceMapFileType$MyFileTypeDetector:com.intellij.profiler.ultimate.hprof.impl.HprofFileTypeDetector:com.jetbrains.nodejs.util.NodeFileTypeDetector$JavaScriptFileTypeDetector:com.jetbrains.nodejs.util.NodeFileTypeDetector$TypeScriptFileTypeDetector:org.jetbrains.plugins.textmate.TextMateFileType$TextMateFileDetector" />
    <property name="got.it.tooltip.cwm.invitation.notification" value="1" />
    <property name="got.it.tooltip.database.schema.control.got.it" value="1" />
    <property name="got.it.tooltip.empty.project.create.file" value="1" />
    <property name="got.it.tooltip.js.debugger.terminal.start.debugger.from.url" value="1" />
    <property name="got.it.tooltip.reader.mode.got.it" value="1" />
    <property name="got.it.tooltip.rust.linter.on-the-fly.got.it" value="1" />
    <property name="got.it.tooltip.terminal.smart_command_execution" value="1" />
    <property name="got.it.tooltip.web.preview.reload.on.save" value="1" />
    <property name="ide.memory.adjusted" value="true" />
    <property name="ide.updates.previous.build.number" value="IU-212.5284.40" />
    <property name="ide.updates.whats.new.shown.for" value="213" />
    <property name="input.method.disabler.muted" value="true" />
    <property name="installed.kotlin.plugin.version" value="213-1.6.10-release-944-IJ6461.79" />
    <property name="jdk.selected.ELIXIR_MODULE" value="Elixir at /usr/lib/elixir" />
    <property name="jdk.selected.JAVA_MODULE" value="adopt-openjdk-1.8" />
    <property name="kotlin-gradle-user-dirs" value="$USER_HOME$/.gradle" />
    <property name="kotlin.plugin.releaseDate" value="213-1.6.10-release-944-IJ6461.79:2022-01-17" />
    <property name="last_opened_file_path" value="$USER_HOME$/Projects/greenpanda" />
    <property name="org.rust.lang.LAST_UPDATE" value="1651524871637" />
    <property name="org.rust.lang.LAST_VERSION" value="0.4.163.4378-213" />
    <property name="packagesearch.endpoint.url.fulltext" value="https://package-search.services.jetbrains.com/api/search/idea/fulltext" />
    <property name="packagesearch.endpoint.url.suggest" value="https://package-search.services.jetbrains.com/api/search/idea/suggest" />
    <property name="packagesearch.status.updated.ts" value="1658402120531" />
    <property name="project.wizard.group" value="GENERAL_MODULE" />
    <property name="project.wizard.template" value="Multi-module Project" />
    <property name="registry.to.advanced.settings.migration.build" value="IU-213.6777.52" />
    <property name="tasks.pass.word.conversion.enforced" value="true" />
    <property name="tide.last.available.version" value="213.6234" />
    <property name="tide.last.update.timestamp" value="1654179346519" />
    <property name="ts.lib.d.ts.version" value="4.5.4" />
  </component>
  <component name="PropertyService"><![CDATA[{
  "keyToString": {
    "CWM_LOGGING_VERSION": "1",
    "CommitToolWindow.COMMIT_SPLITTER_PROPORTION": "0.6044408",
    "ExpandBeforeRunStepsPanel": "true",
    "GradleSupport.showInternalTestNodes": "false",
    "HTTP ClientSupport.hidePassedTests": "false",
    "InstalledPluginsSearchHistory": "version\nversio\nvers\nver\nve",
    "MarketplacePluginsSearchHistory": "Team\nT\ngradle version\nversion\ntodo",
    "MemberChooser.copyJavadoc": "false",
    "MemberChooser.showClasses": "true",
    "NewProjectWizard.gitState": "true",
    "RunOnceActivity.se.text.search": "true",
    "SettingsSearchHistory": "gpg\nformat\nelm",
    "appcds.runOnSecondStart": "IU-222.4345.14-e1c85f0fb73a1af6b1561d8a78097df19662500b2f853c5318706f14c1fbf652",
    "build.toolwindow.Build Output.selection.state": "com.intellij.build.BuildTreeConsoleView",
    "build.toolwindow.Sync.selection.state": "com.intellij.build.BuildTreeConsoleView",
    "build.toolwindow.run.selection.state": "com.intellij.build.BuildTreeConsoleView",
    "bundled.plugins.list.saved.version": "IU-222.4345.14",
    "com.intellij.history.integration.ui.views.DirectoryHistoryDialog.0": "300",
    "com.intellij.history.integration.ui.views.FileHistoryDialog.0": "300",
    "com.intellij.history.integration.ui.views.FileHistoryDialog.1": "800",
    "com.intellij.ide.projectWizard.generators.JavaNewProjectWizard$Step.selectedStep": "Gradle",
    "com.intellij.ide.wizard.NewProjectWizardLanguageStep.selectedStep": "Java",
    "com.intellij.openapi.roots.ui.configuration.TabbedModuleEditor.selectedEditor": "Sources",
    "db.last.update.timestamp": "1658407271791",
    "decompiler.legal.notice.accepted": "true",
    "defaultJdkConfigured": "true",
    "defaultpackageserviceconfig.fulltext": "https://package-search.services.jetbrains.com/api/search/idea/fulltext",
    "defaultpackageserviceconfig.suggest": "https://package-search.services.jetbrains.com/api/search/idea/suggest",
    "defaultpackageserviceconfig.updated.ts": "1660404671614",
    "eclipse.projects.detected": "",
    "evlsprt3.221": "26",
    "evlsprt3.222": "25",
    "file.gist.reindex.count": "189",
    "fileTypeChangedCounter": "20",
    "fontSizeToResetConsole": "12.0",
    "fontSizeToResetEditor": "12.0",
    "got.it.tooltip.cwm.invitation.notification": "1",
    "got.it.tooltip.database.schema.control.got.it": "1",
    "got.it.tooltip.js.debugger.terminal.start.debugger.from.url": "1",
    "got.it.tooltip.reader.mode.got.it": "1",
    "gotit.previous.run": "IU-222.4345.14",
    "input.method.disabler.muted": "true",
    "installed.kotlin.plugin.version": "222-1.7.20-release-201-IJ4167.29",
    "io.flutter.analytics.toastShown": "true",
    "io.flutter.console.preferencesSet": "true",
    "io.flutter.fontPackages": "",
    "io.flutter.formatCodeOnSave": "true",
    "io.flutter.organizeImportsOnSave": "true",
    "jdk.selected.JAVA_MODULE": "openjdk-16",
    "kotlin.lastUpdateCheck": "1661687629609",
    "kotlin.plugin.releaseDate": "222-1.7.20-release-201-IJ4167.29:2022-09-29",
    "ktor.last.update.timestamp": "1662401997190",
    "last_opened_file_path": "/home/majksa/Projects/zyme",
    "mt.showStatisticsAgreement": "true",
    "previousColorScheme": "_@user_Atom One Dark (Material)",
    "project.wizard.group": "KtorStarter",
    "registry.to.advanced.settings.migration.build": "IU-222.4345.14",
    "tasks.pass.word.conversion.enforced": "true",
    "tide.last.available.version": "221.6008.17",
    "tide.last.update.timestamp": "1658491128864",
    "to2do": "[{\"level\":\"SS\",\"status\":\"FINISH\",\"taskContent\":\"Create Mailu package.\",\"uuid\":\"1\"},{\"level\":\"SS\",\"status\":\"FINISH\",\"taskContent\":\"Create API client.\",\"uuid\":\"2\"},{\"level\":\"H\",\"status\":\"FINISH\",\"taskContent\":\"Refactor code.\",\"uuid\":\"3\"},{\"level\":\"S\",\"status\":\"FINISH\",\"taskContent\":\"Set up deployment.\",\"uuid\":\"4\"}]",
    "to2do_MAX_ID": "4",
    "ts.lib.d.ts.version": "4.7.4"
  },
  "keyToStringList": {
    "file.chooser.recent.files": [
      "/home/majksa/Projects/zyme/api/build/libs/api-0.0.1-all.jar",
      "/home/majksa/Stažené/ZymeAPI",
      "/home/majksa/Projects/zyme/api",
      "/home/majksa/Projects/zyme",
      "/home/majksa/Projects/majksa/mailu/api/docker-compose.yml",
      "/home/majksa/Projects/majksa/mailu/api/src/main/kotlin/cz/majksa/mailu/models",
      "/home/majksa/.opam/4.14.0",
      "/home/majksa/Projects/majksa/plejady/frontend/elm.json",
      "/home/majksa/Projects/majksa/plejady"
    ],
    "fileTypeDetectors": [
      "com.intellij.ide.scratch.ScratchFileServiceImpl$Detector",
      "com.intellij.profiler.ultimate.hprof.impl.HprofFileTypeDetector",
      "com.intellij.javascript.debugger.sourcemap.SourceMapFileType$MyFileTypeDetector",
      "com.intellij.docker.dockerFile.DockerFileTypeDetector",
      "com.intellij.database.vfs.DbStorageFileType$Detector",
      "com.jetbrains.nodejs.util.NodeFileTypeDetector$JavaScriptFileTypeDetector",
      "com.jetbrains.nodejs.util.NodeFileTypeDetector$TypeScriptFileTypeDetector",
      "com.android.tools.idea.sqlite.fileType.SqliteFileTypeDetector",
      "com.android.tools.idea.profilers.capture.MemoryCaptureFileType$Detector",
      "org.jetbrains.plugins.textmate.TextMateFileType$TextMateFileDetector"
    ],
    "kotlin-gradle-user-dirs": [
      "/home/majksa/.gradle"
    ]
  }
}]]></component>
  <component name="TeamCityHistory">
    <option name="HISTORY" value="https://ci.withzyme.com&amp;^%$#@maxa.ondrej" />
  </component>
  <component name="TerminalCommandHistoryManager">
    <command-history-files>
      <command-history-file filename="infrastructure-history1" project-path="$USER_HOME$/Projects/greenpanda/infrastructure" last-access-time="1666366950776" />
      <command-history-file filename="infrastructure-history" project-path="$USER_HOME$/Projects/greenpanda/infrastructure" last-access-time="1666366950771" />
    </command-history-files>
  </component>
</application>