<application>
  <component name="ProjectManager">
    <defaultProject>
      <component name="ComposerSettings">
        <execution />
      </component>
      <component name="Git.Settings">
        <option name="UPDATE_TYPE" value="REBASE" />
      </component>
      <component name="GithubDefaultAccount">
        <option name="defaultAccountId" value="5731bd7f-38d3-479b-9c7f-0fa615db2d78" />
      </component>
      <component name="MarkdownSettingsMigration">
        <option name="stateVersion" value="1" />
      </component>
      <component name="ProjectRootManager" version="2" project-jdk-name="Elixir at /usr/lib/elixir" project-jdk-type="Elixir SDK" />
      <component name="PropertiesComponent">
        <property name="last_opened_file_path" value="/var/coding/cubecraft" />
        <property name="settings.editor.selected.configurable" value="MTConfigurable" />
      </component>
    </defaultProject>
  </component>
</application>