<application>
  <component name="SettingsSyncPlugins">
    <option name="plugins">
      <map>
        <entry key="Dart">
          <value>
            <PluginData>
              <option name="dependencies">
                <set>
                  <option value="com.intellij.modules.xml" />
                </set>
              </option>
            </PluginData>
          </value>
        </entry>
        <entry key="Statistic">
          <value>
            <PluginData>
              <option name="dependencies">
                <set>
                  <option value="com.intellij.modules.lang" />
                </set>
              </option>
            </PluginData>
          </value>
        </entry>
        <entry key="com.chrisrm.idea.MaterialThemeUI">
          <value>
            <PluginData>
              <option name="dependencies">
                <set>
                  <option value="com.intellij.modules.platform" />
                </set>
              </option>
            </PluginData>
          </value>
        </entry>
        <entry key="com.github.patou.gitmoji">
          <value>
            <PluginData>
              <option name="dependencies">
                <set>
                  <option value="com.intellij.modules.lang" />
                </set>
              </option>
            </PluginData>
          </value>
        </entry>
        <entry key="com.haulmont.jpab">
          <value>
            <PluginData>
              <option name="dependencies">
                <set>
                  <option value="com.intellij.modules.java" />
                  <option value="com.intellij.modules.platform" />
                  <option value="com.intellij.properties" />
                </set>
              </option>
            </PluginData>
          </value>
        </entry>
        <entry key="com.herbert.george.flutter-snippets">
          <value>
            <PluginData>
              <option name="dependencies">
                <set>
                  <option value="com.intellij.modules.java" />
                </set>
              </option>
            </PluginData>
          </value>
        </entry>
        <entry key="com.illuminatedcloud2.intellij">
          <value>
            <PluginData>
              <option name="enabled" value="false" />
            </PluginData>
          </value>
        </entry>
        <entry key="com.intellij.guice">
          <value>
            <PluginData />
          </value>
        </entry>
        <entry key="com.intellij.kubernetes">
          <value>
            <PluginData />
          </value>
        </entry>
        <entry key="com.intellij.nativeDebug">
          <value>
            <PluginData>
              <option name="dependencies">
                <set>
                  <option value="com.intellij.modules.nativeDebug-plugin-capable" />
                </set>
              </option>
            </PluginData>
          </value>
        </entry>
        <entry key="com.intellij.tide">
          <value>
            <PluginData />
          </value>
        </entry>
        <entry key="com.jetbrains.nim">
          <value>
            <PluginData>
              <option name="dependencies">
                <set>
                  <option value="com.intellij.modules.lang" />
                </set>
              </option>
            </PluginData>
          </value>
        </entry>
        <entry key="com.jetbrains.php">
          <value>
            <PluginData>
              <option name="dependencies">
                <set>
                  <option value="com.intellij.modules.php-capable" />
                  <option value="com.intellij.modules.ultimate" />
                  <option value="com.intellij.modules.xml" />
                </set>
              </option>
            </PluginData>
          </value>
        </entry>
        <entry key="com.localizely.flutter-intl">
          <value>
            <PluginData>
              <option name="dependencies">
                <set>
                  <option value="Dart" />
                  <option value="com.intellij.modules.all" />
                  <option value="com.intellij.modules.lang" />
                  <option value="com.intellij.modules.platform" />
                  <option value="org.jetbrains.plugins.yaml" />
                </set>
              </option>
            </PluginData>
          </value>
        </entry>
        <entry key="com.mallowigi">
          <value>
            <PluginData>
              <option name="dependencies">
                <set>
                  <option value="com.intellij.modules.platform" />
                </set>
              </option>
            </PluginData>
          </value>
        </entry>
        <entry key="intellij-ocaml">
          <value>
            <PluginData />
          </value>
        </entry>
        <entry key="io.flutter">
          <value>
            <PluginData>
              <option name="dependencies">
                <set>
                  <option value="Dart" />
                  <option value="Git4Idea" />
                  <option value="com.intellij.modules.coverage" />
                  <option value="com.intellij.modules.lang" />
                  <option value="com.intellij.modules.platform" />
                  <option value="com.intellij.modules.xdebugger" />
                  <option value="org.jetbrains.plugins.yaml" />
                </set>
              </option>
            </PluginData>
          </value>
        </entry>
        <entry key="io.github.biezhi.plugins.gitmoji">
          <value>
            <PluginData>
              <option name="dependencies">
                <set>
                  <option value="com.intellij.modules.lang" />
                </set>
              </option>
              <option name="enabled" value="false" />
            </PluginData>
          </value>
        </entry>
        <entry key="izhangzhihao.rainbow.brackets">
          <value>
            <PluginData>
              <option name="dependencies">
                <set>
                  <option value="com.intellij.modules.lang" />
                </set>
              </option>
            </PluginData>
          </value>
        </entry>
        <entry key="nl.rubensten.texifyidea">
          <value>
            <PluginData>
              <option name="dependencies">
                <set>
                  <option value="com.intellij.modules.lang" />
                </set>
              </option>
              <option name="enabled" value="false" />
            </PluginData>
          </value>
        </entry>
        <entry key="org.elixir_lang">
          <value>
            <PluginData>
              <option name="dependencies">
                <set>
                  <option value="com.intellij.modules.lang" />
                  <option value="org.intellij.plugins.markdown" />
                </set>
              </option>
            </PluginData>
          </value>
        </entry>
        <entry key="org.elm.klazuka">
          <value>
            <PluginData>
              <option name="dependencies">
                <set>
                  <option value="com.intellij.modules.lang" />
                </set>
              </option>
            </PluginData>
          </value>
        </entry>
        <entry key="org.jetbrains.kotlin">
          <value>
            <PluginData />
          </value>
        </entry>
        <entry key="org.jetbrains.plugins.hocon">
          <value>
            <PluginData>
              <option name="dependencies">
                <set>
                  <option value="com.intellij.modules.lang" />
                  <option value="com.intellij.modules.platform" />
                </set>
              </option>
            </PluginData>
          </value>
        </entry>
        <entry key="org.rust.lang">
          <value>
            <PluginData>
              <option name="dependencies">
                <set>
                  <option value="com.intellij.modules.lang" />
                  <option value="org.toml.lang" />
                </set>
              </option>
            </PluginData>
          </value>
        </entry>
        <entry key="ru.adelf.idea.dotenv">
          <value>
            <PluginData>
              <option name="dependencies">
                <set>
                  <option value="com.intellij.modules.platform" />
                </set>
              </option>
            </PluginData>
          </value>
        </entry>
      </map>
    </option>
  </component>
</application>