<application>
  <component name="GitRememberedInputs">
    <option name="visitedUrls">
      <list>
        <UrlAndUserName>
          <option name="url" value="git@gitlab.com:cubecraft/translations/discord-bot.git" />
          <option name="userName" value="" />
        </UrlAndUserName>
        <UrlAndUserName>
          <option name="url" value="https://gitlab.com/cubecraft/translations/discord-bot.git" />
          <option name="userName" value="" />
        </UrlAndUserName>
        <UrlAndUserName>
          <option name="url" value="http://gitlab.com" />
          <option name="userName" value="ondrej.maxa11@gmail.com" />
        </UrlAndUserName>
        <UrlAndUserName>
          <option name="url" value="git@gitlab.com:majksa_ccg/cube-giveaways.git" />
          <option name="userName" value="" />
        </UrlAndUserName>
        <UrlAndUserName>
          <option name="url" value="https://gitlab.com/cubecraft/translations/minecraft/network-core.git" />
          <option name="userName" value="" />
        </UrlAndUserName>
        <UrlAndUserName>
          <option name="url" value="git@gitlab.com:cubecraft/translations/minecraft/network-core.git" />
          <option name="userName" value="" />
        </UrlAndUserName>
        <UrlAndUserName>
          <option name="url" value="git@github.com:jarekt/Plejady.git" />
          <option name="userName" value="" />
        </UrlAndUserName>
        <UrlAndUserName>
          <option name="url" value="https://github.com/rosenbergm/plejady_load_tester.git" />
          <option name="userName" value="" />
        </UrlAndUserName>
        <UrlAndUserName>
          <option name="url" value="https://github.com/PistonDevelopers/piston-examples.git" />
          <option name="userName" value="" />
        </UrlAndUserName>
        <UrlAndUserName>
          <option name="url" value="https://github.com/rosenbergm/posledni-zvoneni.git" />
          <option name="userName" value="" />
        </UrlAndUserName>
        <UrlAndUserName>
          <option name="url" value="https://github.com/rosenbergm/plejady.git" />
          <option name="userName" value="" />
        </UrlAndUserName>
      </list>
    </option>
    <option name="cloneParentDir" value="$USER_HOME$/Projects/majksa" />
  </component>
  <component name="Vcs.Log.App.Settings">
    <option name="COMPACT_REFERENCES_VIEW" value="false" />
    <option name="SHOW_TAG_NAMES" value="true" />
    <option name="PREFER_COMMIT_DATE" value="true" />
    <option name="COLUMN_ID_ORDER">
      <list>
        <option value="Default.Root" />
        <option value="Default.Subject" />
        <option value="Default.Author" />
        <option value="Default.Date" />
        <option value="Space.CommitStatus" />
      </list>
    </option>
  </component>
  <component name="VcsApplicationSettings">
    <option name="COMMIT_FROM_LOCAL_CHANGES" value="true" />
  </component>
</application>