<application>
  <component name="FileTypeManager" version="18">
    <extensionMap>
      <mapping pattern="go6r7dyqdsofkjxiilk8lbpylzprhou0" type="AUTO_DETECTED" />
      <mapping pattern="LICENSE" type="AUTO_DETECTED" />
      <mapping pattern="a" type="AUTO_DETECTED" />
      <mapping pattern="todo" type="AUTO_DETECTED" />
      <mapping ext="dev" type="Dockerfile" />
      <mapping pattern=".htpasswd" type="PLAIN_TEXT" />
      <mapping ext="lock" type="PLAIN_TEXT" />
      <mapping ext="gz" type="PLAIN_TEXT" />
      <removed_mapping pattern=".env" approved="true" type=".env file" />
      <removed_mapping pattern=".env" approved="true" type="PLAIN_TEXT" />
    </extensionMap>
  </component>
</application>