<application>
  <component name="PipelineViewerConfigApp">
    <option name="mappings">
      <list>
        <Mapping>
          <option name="gitlabProjectId" value="33751072" />
          <option name="host" value="https://gitlab.com" />
          <option name="projectName" value="digilobby-backend" />
          <option name="projectPath" value="digilobby/app/digilobby-backend" />
          <option name="remote" value="git@gitlab.com:digilobby/app/digilobby-backend.git" />
        </Mapping>
        <Mapping>
          <option name="gitlabProjectId" value="33234093" />
          <option name="host" value="https://gitlab.com" />
          <option name="projectName" value="Green Panda Api Template" />
          <option name="projectPath" value="green-panda/api-template" />
          <option name="remote" value="git@gitlab.com:green-panda/api-template.git" />
        </Mapping>
        <Mapping>
          <option name="gitlabProjectId" value="31615765" />
          <option name="host" value="https://gitlab.com" />
          <option name="projectName" value="Personal Api Template" />
          <option name="projectPath" value="majksa/api-template" />
          <option name="remote" value="git@gitlab.com:majksa/api-template.git" />
        </Mapping>
        <Mapping>
          <option name="gitlabProjectId" value="21659249" />
          <option name="host" value="https://gitlab.com" />
          <option name="projectName" value="Milion Chvilek Reborn" />
          <option name="projectPath" value="milionchvilekprodemokracii/milion-chvilek-reborn" />
          <option name="remote" value="git@gitlab.com:milionchvilekprodemokracii/milion-chvilek-reborn.git" />
        </Mapping>
        <Mapping>
          <option name="gitlabProjectId" value="33234128" />
          <option name="host" value="https://gitlab.com" />
          <option name="projectName" value="piskej-backend" />
          <option name="projectPath" value="piskej/app/piskej-backend" />
          <option name="remote" value="git@gitlab.com:piskej/app/piskej-backend.git" />
        </Mapping>
        <Mapping>
          <option name="gitlabProjectId" value="35856799" />
          <option name="host" value="https://gitlab.com" />
          <option name="projectName" value="Books Intertext Backend" />
          <option name="projectPath" value="majksa/books-intertext-backend" />
          <option name="remote" value="git@gitlab.com:majksa/books-intertext-backend.git" />
        </Mapping>
        <Mapping>
          <option name="gitlabProjectId" value="36314891" />
          <option name="host" value="https://gitlab.com" />
          <option name="projectName" value="Pískej Admin " />
          <option name="projectPath" value="krystofprasil/piskej-admin" />
          <option name="remote" value="git@gitlab.com:krystofprasil/piskej-admin.git" />
        </Mapping>
      </list>
    </option>
    <option name="showForTags" value="false" />
    <option name="urlOpenerCommand" value="" />
  </component>
</application>