<application>
  <component name="ProjectManager">
    <defaultProject>
      <component name="ComposerSettings">
        <execution />
      </component>
      <component name="MarkdownSettingsMigration">
        <option name="stateVersion" value="1" />
      </component>
      <component name="PropertiesComponent">
        <property name="last_opened_file_path" value="$USER_HOME$/Projects/greenpanda/piskej" />
        <property name="settings.editor.selected.configurable" value="MTConfigurable" />
      </component>
    </defaultProject>
  </component>
</application>