<application>
  <component name="GeneralSettings">
    <option name="confirmExit" value="false" />
    <option name="showTipsOnStartup" value="false" />
  </component>
  <component name="Registry">
    <entry key="eslint.additional.file.extensions" value="svelte" />
    <entry key="ide.balloon.shadow.size" value="0" />
    <entry key="async.project.view.collapse.tree.path.recursively" value="false" />
    <entry key="ide.tree.collapse.recursively" value="false" />
    <entry key="ide.editor.tab.selection.animation" value="true" />
    <entry key="ide.new.editor.tabs.vertical.borders" value="true" />
    <entry key="editor.focus.mode.color.light" value="415967" />
    <entry key="editor.focus.mode.color.dark" value="415967" />
  </component>
</application>